series_id,entity_id,observed_at,captured_at,metric,value,unit,source_id,raw_ref,parser_version
aws.infra.ip-ranges,aws,2026-09-01T05:07:05Z,2026-09-01T09:02:19Z,ipv4_prefixes_total,10520,count,aws.infra.ip-ranges,raw/aws.infra.ip-ranges/2026/09/20260901T090219Z-0d8c39aea223.json,1
aws.infra.ip-ranges,aws,2026-09-01T05:07:05Z,2026-09-01T09:02:19Z,ipv6_prefixes_total,6237,count,aws.infra.ip-ranges,raw/aws.infra.ip-ranges/2026/09/20260901T090219Z-0d8c39aea223.json,1
aws.infra.ip-ranges,region:GLOBAL,2026-09-01T05:07:05Z,2026-09-01T09:02:19Z,ipv4_prefixes,489,count,aws.infra.ip-ranges,raw/aws.infra.ip-ranges/2026/09/20260901T090219Z-0d8c39aea223.json,1
aws.infra.ip-ranges,region:af-south-1,2026-09-01T05:07:05Z,2026-09-01T09:02:19Z,ipv4_prefixes,134,count,aws.infra.ip-ranges,raw/aws.infra.ip-ranges/2026/09/20260901T090219Z-0d8c39aea223.json,1
aws.infra.ip-ranges,region:ap-east-1,2026-09-01T05:07:05Z,2026-09-01T09:02:19Z,ipv4_prefixes,156,count,aws.infra.ip-ranges,raw/aws.infra.ip-ranges/2026/09/20260901T090219Z-0d8c39aea223.json,1
aws.infra.ip-ranges,region:ap-east-2,2026-09-01T05:07:05Z,2026-09-01T09:02:19Z,ipv4_prefixes,68,count,aws.infra.ip-ranges,raw/aws.infra.ip-ranges/2026/09/20260901T090219Z-0d8c39aea223.json,1
aws.infra.ip-ranges,region:ap-northeast-1,2026-09-01T05:07:05Z,2026-09-01T09:02:19Z,ipv4_prefixes,422,count,aws.infra.ip-ranges,raw/aws.infra.ip-ranges/2026/09/20260901T090219Z-0d8c39aea223.json,1
aws.infra.ip-ranges,region:ap-northeast-2,2026-09-01T05:07:05Z,2026-09-01T09:02:19Z,ipv4_prefixes,258,count,aws.infra.ip-ranges,raw/aws.infra.ip-ranges/2026/09/20260901T090219Z-0d8c39aea223.json,1
aws.infra.ip-ranges,region:ap-northeast-3,2026-09-01T05:07:05Z,2026-09-01T09:02:19Z,ipv4_prefixes,158,count,aws.infra.ip-ranges,raw/aws.infra.ip-ranges/2026/09/20260901T090219Z-0d8c39aea223.json,1
aws.infra.ip-ranges,region:ap-south-1,2026-09-01T05:07:05Z,2026-09-01T09:02:19Z,ipv4_prefixes,303,count,aws.infra.ip-ranges,raw/aws.infra.ip-ranges/2026/09/20260901T090219Z-0d8c39aea223.json,1
aws.infra.ip-ranges,region:ap-south-2,2026-09-01T05:07:05Z,2026-09-01T09:02:19Z,ipv4_prefixes,96,count,aws.infra.ip-ranges,raw/aws.infra.ip-ranges/2026/09/20260901T090219Z-0d8c39aea223.json,1
aws.infra.ip-ranges,region:ap-southeast-1,2026-09-01T05:07:05Z,2026-09-01T09:02:19Z,ipv4_prefixes,409,count,aws.infra.ip-ranges,raw/aws.infra.ip-ranges/2026/09/20260901T090219Z-0d8c39aea223.json,1
aws.infra.ip-ranges,region:ap-southeast-2,2026-09-01T05:07:05Z,2026-09-01T09:02:19Z,ipv4_prefixes,333,count,aws.infra.ip-ranges,raw/aws.infra.ip-ranges/2026/09/20260901T090219Z-0d8c39aea223.json,1
aws.infra.ip-ranges,region:ap-southeast-3,2026-09-01T05:07:05Z,2026-09-01T09:02:19Z,ipv4_prefixes,113,count,aws.infra.ip-ranges,raw/aws.infra.ip-ranges/2026/09/20260901T090219Z-0d8c39aea223.json,1
aws.infra.ip-ranges,region:ap-southeast-4,2026-09-01T05:07:05Z,2026-09-01T09:02:19Z,ipv4_prefixes,90,count,aws.infra.ip-ranges,raw/aws.infra.ip-ranges/2026/09/20260901T090219Z-0d8c39aea223.json,1
aws.infra.ip-ranges,region:ap-southeast-5,2026-09-01T05:07:05Z,2026-09-01T09:02:19Z,ipv4_prefixes,85,count,aws.infra.ip-ranges,raw/aws.infra.ip-ranges/2026/09/20260901T090219Z-0d8c39aea223.json,1
aws.infra.ip-ranges,region:ap-southeast-6,2026-09-01T05:07:05Z,2026-09-01T09:02:19Z,ipv4_prefixes,62,count,aws.infra.ip-ranges,raw/aws.infra.ip-ranges/2026/09/20260901T090219Z-0d8c39aea223.json,1
aws.infra.ip-ranges,region:ap-southeast-7,2026-09-01T05:07:05Z,2026-09-01T09:02:19Z,ipv4_prefixes,72,count,aws.infra.ip-ranges,raw/aws.infra.ip-ranges/2026/09/20260901T090219Z-0d8c39aea223.json,1
aws.infra.ip-ranges,region:ca-central-1,2026-09-01T05:07:05Z,2026-09-01T09:02:19Z,ipv4_prefixes,199,count,aws.infra.ip-ranges,raw/aws.infra.ip-ranges/2026/09/20260901T090219Z-0d8c39aea223.json,1
aws.infra.ip-ranges,region:ca-west-1,2026-09-01T05:07:05Z,2026-09-01T09:02:19Z,ipv4_prefixes,72,count,aws.infra.ip-ranges,raw/aws.infra.ip-ranges/2026/09/20260901T090219Z-0d8c39aea223.json,1
aws.infra.ip-ranges,region:cn-north-1,2026-09-01T05:07:05Z,2026-09-01T09:02:19Z,ipv4_prefixes,132,count,aws.infra.ip-ranges,raw/aws.infra.ip-ranges/2026/09/20260901T090219Z-0d8c39aea223.json,1
aws.infra.ip-ranges,region:cn-northwest-1,2026-09-01T05:07:05Z,2026-09-01T09:02:19Z,ipv4_prefixes,125,count,aws.infra.ip-ranges,raw/aws.infra.ip-ranges/2026/09/20260901T090219Z-0d8c39aea223.json,1
aws.infra.ip-ranges,region:eu-central-1,2026-09-01T05:07:05Z,2026-09-01T09:02:19Z,ipv4_prefixes,571,count,aws.infra.ip-ranges,raw/aws.infra.ip-ranges/2026/09/20260901T090219Z-0d8c39aea223.json,1
aws.infra.ip-ranges,region:eu-central-2,2026-09-01T05:07:05Z,2026-09-01T09:02:19Z,ipv4_prefixes,79,count,aws.infra.ip-ranges,raw/aws.infra.ip-ranges/2026/09/20260901T090219Z-0d8c39aea223.json,1
aws.infra.ip-ranges,region:eu-north-1,2026-09-01T05:07:05Z,2026-09-01T09:02:19Z,ipv4_prefixes,207,count,aws.infra.ip-ranges,raw/aws.infra.ip-ranges/2026/09/20260901T090219Z-0d8c39aea223.json,1
aws.infra.ip-ranges,region:eu-south-1,2026-09-01T05:07:05Z,2026-09-01T09:02:19Z,ipv4_prefixes,216,count,aws.infra.ip-ranges,raw/aws.infra.ip-ranges/2026/09/20260901T090219Z-0d8c39aea223.json,1
aws.infra.ip-ranges,region:eu-south-2,2026-09-01T05:07:05Z,2026-09-01T09:02:19Z,ipv4_prefixes,142,count,aws.infra.ip-ranges,raw/aws.infra.ip-ranges/2026/09/20260901T090219Z-0d8c39aea223.json,1
aws.infra.ip-ranges,region:eu-west-1,2026-09-01T05:07:05Z,2026-09-01T09:02:19Z,ipv4_prefixes,525,count,aws.infra.ip-ranges,raw/aws.infra.ip-ranges/2026/09/20260901T090219Z-0d8c39aea223.json,1
aws.infra.ip-ranges,region:eu-west-2,2026-09-01T05:07:05Z,2026-09-01T09:02:19Z,ipv4_prefixes,400,count,aws.infra.ip-ranges,raw/aws.infra.ip-ranges/2026/09/20260901T090219Z-0d8c39aea223.json,1
aws.infra.ip-ranges,region:eu-west-3,2026-09-01T05:07:05Z,2026-09-01T09:02:19Z,ipv4_prefixes,210,count,aws.infra.ip-ranges,raw/aws.infra.ip-ranges/2026/09/20260901T090219Z-0d8c39aea223.json,1
aws.infra.ip-ranges,region:eusc-de-east-1,2026-09-01T05:07:05Z,2026-09-01T09:02:19Z,ipv4_prefixes,68,count,aws.infra.ip-ranges,raw/aws.infra.ip-ranges/2026/09/20260901T090219Z-0d8c39aea223.json,1
aws.infra.ip-ranges,region:il-central-1,2026-09-01T05:07:05Z,2026-09-01T09:02:19Z,ipv4_prefixes,88,count,aws.infra.ip-ranges,raw/aws.infra.ip-ranges/2026/09/20260901T090219Z-0d8c39aea223.json,1
aws.infra.ip-ranges,region:me-central-1,2026-09-01T05:07:05Z,2026-09-01T09:02:19Z,ipv4_prefixes,85,count,aws.infra.ip-ranges,raw/aws.infra.ip-ranges/2026/09/20260901T090219Z-0d8c39aea223.json,1
aws.infra.ip-ranges,region:me-south-1,2026-09-01T05:07:05Z,2026-09-01T09:02:19Z,ipv4_prefixes,171,count,aws.infra.ip-ranges,raw/aws.infra.ip-ranges/2026/09/20260901T090219Z-0d8c39aea223.json,1
aws.infra.ip-ranges,region:me-west-1,2026-09-01T05:07:05Z,2026-09-01T09:02:19Z,ipv4_prefixes,34,count,aws.infra.ip-ranges,raw/aws.infra.ip-ranges/2026/09/20260901T090219Z-0d8c39aea223.json,1
aws.infra.ip-ranges,region:mx-central-1,2026-09-01T05:07:05Z,2026-09-01T09:02:19Z,ipv4_prefixes,66,count,aws.infra.ip-ranges,raw/aws.infra.ip-ranges/2026/09/20260901T090219Z-0d8c39aea223.json,1
aws.infra.ip-ranges,region:sa-east-1,2026-09-01T05:07:05Z,2026-09-01T09:02:19Z,ipv4_prefixes,293,count,aws.infra.ip-ranges,raw/aws.infra.ip-ranges/2026/09/20260901T090219Z-0d8c39aea223.json,1
aws.infra.ip-ranges,region:sa-west-1,2026-09-01T05:07:05Z,2026-09-01T09:02:19Z,ipv4_prefixes,35,count,aws.infra.ip-ranges,raw/aws.infra.ip-ranges/2026/09/20260901T090219Z-0d8c39aea223.json,1
aws.infra.ip-ranges,region:us-east-1,2026-09-01T05:07:05Z,2026-09-01T09:02:19Z,ipv4_prefixes,1427,count,aws.infra.ip-ranges,raw/aws.infra.ip-ranges/2026/09/20260901T090219Z-0d8c39aea223.json,1
aws.infra.ip-ranges,region:us-east-2,2026-09-01T05:07:05Z,2026-09-01T09:02:19Z,ipv4_prefixes,603,count,aws.infra.ip-ranges,raw/aws.infra.ip-ranges/2026/09/20260901T090219Z-0d8c39aea223.json,1
aws.infra.ip-ranges,region:us-gov-east-1,2026-09-01T05:07:05Z,2026-09-01T09:02:19Z,ipv4_prefixes,102,count,aws.infra.ip-ranges,raw/aws.infra.ip-ranges/2026/09/20260901T090219Z-0d8c39aea223.json,1
aws.infra.ip-ranges,region:us-gov-west-1,2026-09-01T05:07:05Z,2026-09-01T09:02:19Z,ipv4_prefixes,134,count,aws.infra.ip-ranges,raw/aws.infra.ip-ranges/2026/09/20260901T090219Z-0d8c39aea223.json,1
aws.infra.ip-ranges,region:us-south-1,2026-09-01T05:07:05Z,2026-09-01T09:02:19Z,ipv4_prefixes,54,count,aws.infra.ip-ranges,raw/aws.infra.ip-ranges/2026/09/20260901T090219Z-0d8c39aea223.json,1
aws.infra.ip-ranges,region:us-west-1,2026-09-01T05:07:05Z,2026-09-01T09:02:19Z,ipv4_prefixes,571,count,aws.infra.ip-ranges,raw/aws.infra.ip-ranges/2026/09/20260901T090219Z-0d8c39aea223.json,1
aws.infra.ip-ranges,region:us-west-2,2026-09-01T05:07:05Z,2026-09-01T09:02:19Z,ipv4_prefixes,663,count,aws.infra.ip-ranges,raw/aws.infra.ip-ranges/2026/09/20260901T090219Z-0d8c39aea223.json,1
aws.infra.ip-ranges,service:AMAZON,2026-09-01T05:07:05Z,2026-09-01T09:02:19Z,ipv4_prefixes,6010,count,aws.infra.ip-ranges,raw/aws.infra.ip-ranges/2026/09/20260901T090219Z-0d8c39aea223.json,1
aws.infra.ip-ranges,service:AMAZON_APPFLOW,2026-09-01T05:07:05Z,2026-09-01T09:02:19Z,ipv4_prefixes,48,count,aws.infra.ip-ranges,raw/aws.infra.ip-ranges/2026/09/20260901T090219Z-0d8c39aea223.json,1
aws.infra.ip-ranges,service:AMAZON_CONNECT,2026-09-01T05:07:05Z,2026-09-01T09:02:19Z,ipv4_prefixes,21,count,aws.infra.ip-ranges,raw/aws.infra.ip-ranges/2026/09/20260901T090219Z-0d8c39aea223.json,1
aws.infra.ip-ranges,service:API_GATEWAY,2026-09-01T05:07:05Z,2026-09-01T09:02:19Z,ipv4_prefixes,214,count,aws.infra.ip-ranges,raw/aws.infra.ip-ranges/2026/09/20260901T090219Z-0d8c39aea223.json,1
aws.infra.ip-ranges,service:AURORA_DSQL,2026-09-01T05:07:05Z,2026-09-01T09:02:19Z,ipv4_prefixes,20,count,aws.infra.ip-ranges,raw/aws.infra.ip-ranges/2026/09/20260901T090219Z-0d8c39aea223.json,1
aws.infra.ip-ranges,service:CHIME_MEETINGS,2026-09-01T05:07:05Z,2026-09-01T09:02:19Z,ipv4_prefixes,1,count,aws.infra.ip-ranges,raw/aws.infra.ip-ranges/2026/09/20260901T090219Z-0d8c39aea223.json,1
aws.infra.ip-ranges,service:CHIME_VOICECONNECTOR,2026-09-01T05:07:05Z,2026-09-01T09:02:19Z,ipv4_prefixes,24,count,aws.infra.ip-ranges,raw/aws.infra.ip-ranges/2026/09/20260901T090219Z-0d8c39aea223.json,1
aws.infra.ip-ranges,service:CLOUD9,2026-09-01T05:07:05Z,2026-09-01T09:02:19Z,ipv4_prefixes,44,count,aws.infra.ip-ranges,raw/aws.infra.ip-ranges/2026/09/20260901T090219Z-0d8c39aea223.json,1
aws.infra.ip-ranges,service:CLOUDFRONT,2026-09-01T05:07:05Z,2026-09-01T09:02:19Z,ipv4_prefixes,211,count,aws.infra.ip-ranges,raw/aws.infra.ip-ranges/2026/09/20260901T090219Z-0d8c39aea223.json,1
aws.infra.ip-ranges,service:CLOUDFRONT_ORIGIN_FACING,2026-09-01T05:07:05Z,2026-09-01T09:02:19Z,ipv4_prefixes,46,count,aws.infra.ip-ranges,raw/aws.infra.ip-ranges/2026/09/20260901T090219Z-0d8c39aea223.json,1
aws.infra.ip-ranges,service:CODEBUILD,2026-09-01T05:07:05Z,2026-09-01T09:02:19Z,ipv4_prefixes,61,count,aws.infra.ip-ranges,raw/aws.infra.ip-ranges/2026/09/20260901T090219Z-0d8c39aea223.json,1
aws.infra.ip-ranges,service:DYNAMODB,2026-09-01T05:07:05Z,2026-09-01T09:02:19Z,ipv4_prefixes,94,count,aws.infra.ip-ranges,raw/aws.infra.ip-ranges/2026/09/20260901T090219Z-0d8c39aea223.json,1
aws.infra.ip-ranges,service:EBS,2026-09-01T05:07:05Z,2026-09-01T09:02:19Z,ipv4_prefixes,105,count,aws.infra.ip-ranges,raw/aws.infra.ip-ranges/2026/09/20260901T090219Z-0d8c39aea223.json,1
aws.infra.ip-ranges,service:EC2,2026-09-01T05:07:05Z,2026-09-01T09:02:19Z,ipv4_prefixes,1847,count,aws.infra.ip-ranges,raw/aws.infra.ip-ranges/2026/09/20260901T090219Z-0d8c39aea223.json,1
aws.infra.ip-ranges,service:EC2_INSTANCE_CONNECT,2026-09-01T05:07:05Z,2026-09-01T09:02:19Z,ipv4_prefixes,37,count,aws.infra.ip-ranges,raw/aws.infra.ip-ranges/2026/09/20260901T090219Z-0d8c39aea223.json,1
aws.infra.ip-ranges,service:EFS,2026-09-01T05:07:05Z,2026-09-01T09:02:19Z,ipv4_prefixes,95,count,aws.infra.ip-ranges,raw/aws.infra.ip-ranges/2026/09/20260901T090219Z-0d8c39aea223.json,1
aws.infra.ip-ranges,service:GLOBALACCELERATOR,2026-09-01T05:07:05Z,2026-09-01T09:02:19Z,ipv4_prefixes,131,count,aws.infra.ip-ranges,raw/aws.infra.ip-ranges/2026/09/20260901T090219Z-0d8c39aea223.json,1
aws.infra.ip-ranges,service:IVS_LOW_LATENCY,2026-09-01T05:07:05Z,2026-09-01T09:02:19Z,ipv4_prefixes,1,count,aws.infra.ip-ranges,raw/aws.infra.ip-ranges/2026/09/20260901T090219Z-0d8c39aea223.json,1
aws.infra.ip-ranges,service:IVS_REALTIME,2026-09-01T05:07:05Z,2026-09-01T09:02:19Z,ipv4_prefixes,104,count,aws.infra.ip-ranges,raw/aws.infra.ip-ranges/2026/09/20260901T090219Z-0d8c39aea223.json,1
aws.infra.ip-ranges,service:KINESIS_VIDEO_STREAMS,2026-09-01T05:07:05Z,2026-09-01T09:02:19Z,ipv4_prefixes,105,count,aws.infra.ip-ranges,raw/aws.infra.ip-ranges/2026/09/20260901T090219Z-0d8c39aea223.json,1
aws.infra.ip-ranges,service:MEDIA_PACKAGE_V2,2026-09-01T05:07:05Z,2026-09-01T09:02:19Z,ipv4_prefixes,52,count,aws.infra.ip-ranges,raw/aws.infra.ip-ranges/2026/09/20260901T090219Z-0d8c39aea223.json,1
aws.infra.ip-ranges,service:ROUTE53,2026-09-01T05:07:05Z,2026-09-01T09:02:19Z,ipv4_prefixes,26,count,aws.infra.ip-ranges,raw/aws.infra.ip-ranges/2026/09/20260901T090219Z-0d8c39aea223.json,1
aws.infra.ip-ranges,service:ROUTE53_HEALTHCHECKS,2026-09-01T05:07:05Z,2026-09-01T09:02:19Z,ipv4_prefixes,31,count,aws.infra.ip-ranges,raw/aws.infra.ip-ranges/2026/09/20260901T090219Z-0d8c39aea223.json,1
aws.infra.ip-ranges,service:ROUTE53_HEALTHCHECKS_PUBLISHING,2026-09-01T05:07:05Z,2026-09-01T09:02:19Z,ipv4_prefixes,39,count,aws.infra.ip-ranges,raw/aws.infra.ip-ranges/2026/09/20260901T090219Z-0d8c39aea223.json,1
aws.infra.ip-ranges,service:ROUTE53_RESOLVER,2026-09-01T05:07:05Z,2026-09-01T09:02:19Z,ipv4_prefixes,638,count,aws.infra.ip-ranges,raw/aws.infra.ip-ranges/2026/09/20260901T090219Z-0d8c39aea223.json,1
aws.infra.ip-ranges,service:S3,2026-09-01T05:07:05Z,2026-09-01T09:02:19Z,ipv4_prefixes,442,count,aws.infra.ip-ranges,raw/aws.infra.ip-ranges/2026/09/20260901T090219Z-0d8c39aea223.json,1
aws.infra.ip-ranges,service:WORKSPACES_GATEWAYS,2026-09-01T05:07:05Z,2026-09-01T09:02:19Z,ipv4_prefixes,73,count,aws.infra.ip-ranges,raw/aws.infra.ip-ranges/2026/09/20260901T090219Z-0d8c39aea223.json,1
aws.services.regional,aws,2026-09-01T09:02:23Z,2026-09-01T09:02:23Z,regions,37,count,aws.services.regional,raw/aws.services.regional/2026/09/20260901T090223Z-f643b0329cdb.json,1
aws.services.regional,aws,2026-09-01T09:02:23Z,2026-09-01T09:02:23Z,service_region_pairs,5836,count,aws.services.regional,raw/aws.services.regional/2026/09/20260901T090223Z-f643b0329cdb.json,1
aws.services.regional,aws,2026-09-01T09:02:23Z,2026-09-01T09:02:23Z,services,195,count,aws.services.regional,raw/aws.services.regional/2026/09/20260901T090223Z-f643b0329cdb.json,1
aws.services.regional,region:af-south-1,2026-09-01T09:02:23Z,2026-09-01T09:02:23Z,services_available,154,count,aws.services.regional,raw/aws.services.regional/2026/09/20260901T090223Z-f643b0329cdb.json,1
aws.services.regional,region:ap-east-1,2026-09-01T09:02:23Z,2026-09-01T09:02:23Z,services_available,149,count,aws.services.regional,raw/aws.services.regional/2026/09/20260901T090223Z-f643b0329cdb.json,1
aws.services.regional,region:ap-east-2,2026-09-01T09:02:23Z,2026-09-01T09:02:23Z,services_available,115,count,aws.services.regional,raw/aws.services.regional/2026/09/20260901T090223Z-f643b0329cdb.json,1
aws.services.regional,region:ap-northeast-1,2026-09-01T09:02:23Z,2026-09-01T09:02:23Z,services_available,188,count,aws.services.regional,raw/aws.services.regional/2026/09/20260901T090223Z-f643b0329cdb.json,1
aws.services.regional,region:ap-northeast-2,2026-09-01T09:02:23Z,2026-09-01T09:02:23Z,services_available,181,count,aws.services.regional,raw/aws.services.regional/2026/09/20260901T090223Z-f643b0329cdb.json,1
aws.services.regional,region:ap-northeast-3,2026-09-01T09:02:23Z,2026-09-01T09:02:23Z,services_available,147,count,aws.services.regional,raw/aws.services.regional/2026/09/20260901T090223Z-f643b0329cdb.json,1
aws.services.regional,region:ap-south-1,2026-09-01T09:02:23Z,2026-09-01T09:02:23Z,services_available,184,count,aws.services.regional,raw/aws.services.regional/2026/09/20260901T090223Z-f643b0329cdb.json,1
aws.services.regional,region:ap-south-2,2026-09-01T09:02:23Z,2026-09-01T09:02:23Z,services_available,139,count,aws.services.regional,raw/aws.services.regional/2026/09/20260901T090223Z-f643b0329cdb.json,1
aws.services.regional,region:ap-southeast-1,2026-09-01T09:02:23Z,2026-09-01T09:02:23Z,services_available,189,count,aws.services.regional,raw/aws.services.regional/2026/09/20260901T090223Z-f643b0329cdb.json,1
aws.services.regional,region:ap-southeast-2,2026-09-01T09:02:23Z,2026-09-01T09:02:23Z,services_available,190,count,aws.services.regional,raw/aws.services.regional/2026/09/20260901T090223Z-f643b0329cdb.json,1
aws.services.regional,region:ap-southeast-3,2026-09-01T09:02:23Z,2026-09-01T09:02:23Z,services_available,138,count,aws.services.regional,raw/aws.services.regional/2026/09/20260901T090223Z-f643b0329cdb.json,1
aws.services.regional,region:ap-southeast-4,2026-09-01T09:02:23Z,2026-09-01T09:02:23Z,services_available,138,count,aws.services.regional,raw/aws.services.regional/2026/09/20260901T090223Z-f643b0329cdb.json,1
aws.services.regional,region:ap-southeast-5,2026-09-01T09:02:23Z,2026-09-01T09:02:23Z,services_available,150,count,aws.services.regional,raw/aws.services.regional/2026/09/20260901T090223Z-f643b0329cdb.json,1
aws.services.regional,region:ap-southeast-6,2026-09-01T09:02:23Z,2026-09-01T09:02:23Z,services_available,119,count,aws.services.regional,raw/aws.services.regional/2026/09/20260901T090223Z-f643b0329cdb.json,1
aws.services.regional,region:ap-southeast-7,2026-09-01T09:02:23Z,2026-09-01T09:02:23Z,services_available,131,count,aws.services.regional,raw/aws.services.regional/2026/09/20260901T090223Z-f643b0329cdb.json,1
aws.services.regional,region:ca-central-1,2026-09-01T09:02:23Z,2026-09-01T09:02:23Z,services_available,182,count,aws.services.regional,raw/aws.services.regional/2026/09/20260901T090223Z-f643b0329cdb.json,1
aws.services.regional,region:ca-west-1,2026-09-01T09:02:23Z,2026-09-01T09:02:23Z,services_available,131,count,aws.services.regional,raw/aws.services.regional/2026/09/20260901T090223Z-f643b0329cdb.json,1
aws.services.regional,region:eu-central-1,2026-09-01T09:02:23Z,2026-09-01T09:02:23Z,services_available,190,count,aws.services.regional,raw/aws.services.regional/2026/09/20260901T090223Z-f643b0329cdb.json,1
aws.services.regional,region:eu-central-2,2026-09-01T09:02:23Z,2026-09-01T09:02:23Z,services_available,138,count,aws.services.regional,raw/aws.services.regional/2026/09/20260901T090223Z-f643b0329cdb.json,1
aws.services.regional,region:eu-north-1,2026-09-01T09:02:23Z,2026-09-01T09:02:23Z,services_available,169,count,aws.services.regional,raw/aws.services.regional/2026/09/20260901T090223Z-f643b0329cdb.json,1
aws.services.regional,region:eu-south-1,2026-09-01T09:02:23Z,2026-09-01T09:02:23Z,services_available,151,count,aws.services.regional,raw/aws.services.regional/2026/09/20260901T090223Z-f643b0329cdb.json,1
aws.services.regional,region:eu-south-2,2026-09-01T09:02:23Z,2026-09-01T09:02:23Z,services_available,150,count,aws.services.regional,raw/aws.services.regional/2026/09/20260901T090223Z-f643b0329cdb.json,1
aws.services.regional,region:eu-west-1,2026-09-01T09:02:23Z,2026-09-01T09:02:23Z,services_available,189,count,aws.services.regional,raw/aws.services.regional/2026/09/20260901T090223Z-f643b0329cdb.json,1
aws.services.regional,region:eu-west-2,2026-09-01T09:02:23Z,2026-09-01T09:02:23Z,services_available,188,count,aws.services.regional,raw/aws.services.regional/2026/09/20260901T090223Z-f643b0329cdb.json,1
aws.services.regional,region:eu-west-3,2026-09-01T09:02:23Z,2026-09-01T09:02:23Z,services_available,172,count,aws.services.regional,raw/aws.services.regional/2026/09/20260901T090223Z-f643b0329cdb.json,1
aws.services.regional,region:eusc-de-east-1,2026-09-01T09:02:23Z,2026-09-01T09:02:23Z,services_available,105,count,aws.services.regional,raw/aws.services.regional/2026/09/20260901T090223Z-f643b0329cdb.json,1
aws.services.regional,region:il-central-1,2026-09-01T09:02:23Z,2026-09-01T09:02:23Z,services_available,141,count,aws.services.regional,raw/aws.services.regional/2026/09/20260901T090223Z-f643b0329cdb.json,1
aws.services.regional,region:me-central-1,2026-09-01T09:02:23Z,2026-09-01T09:02:23Z,services_available,144,count,aws.services.regional,raw/aws.services.regional/2026/09/20260901T090223Z-f643b0329cdb.json,1
aws.services.regional,region:me-south-1,2026-09-01T09:02:23Z,2026-09-01T09:02:23Z,services_available,145,count,aws.services.regional,raw/aws.services.regional/2026/09/20260901T090223Z-f643b0329cdb.json,1
aws.services.regional,region:mx-central-1,2026-09-01T09:02:23Z,2026-09-01T09:02:23Z,services_available,121,count,aws.services.regional,raw/aws.services.regional/2026/09/20260901T090223Z-f643b0329cdb.json,1
aws.services.regional,region:sa-east-1,2026-09-01T09:02:23Z,2026-09-01T09:02:23Z,services_available,170,count,aws.services.regional,raw/aws.services.regional/2026/09/20260901T090223Z-f643b0329cdb.json,1
aws.services.regional,region:us-east-1,2026-09-01T09:02:23Z,2026-09-01T09:02:23Z,services_available,195,count,aws.services.regional,raw/aws.services.regional/2026/09/20260901T090223Z-f643b0329cdb.json,1
aws.services.regional,region:us-east-2,2026-09-01T09:02:23Z,2026-09-01T09:02:23Z,services_available,185,count,aws.services.regional,raw/aws.services.regional/2026/09/20260901T090223Z-f643b0329cdb.json,1
aws.services.regional,region:us-gov-east-1,2026-09-01T09:02:23Z,2026-09-01T09:02:23Z,services_available,147,count,aws.services.regional,raw/aws.services.regional/2026/09/20260901T090223Z-f643b0329cdb.json,1
aws.services.regional,region:us-gov-west-1,2026-09-01T09:02:23Z,2026-09-01T09:02:23Z,services_available,159,count,aws.services.regional,raw/aws.services.regional/2026/09/20260901T090223Z-f643b0329cdb.json,1
aws.services.regional,region:us-west-1,2026-09-01T09:02:23Z,2026-09-01T09:02:23Z,services_available,160,count,aws.services.regional,raw/aws.services.regional/2026/09/20260901T090223Z-f643b0329cdb.json,1
aws.services.regional,region:us-west-2,2026-09-01T09:02:23Z,2026-09-01T09:02:23Z,services_available,192,count,aws.services.regional,raw/aws.services.regional/2026/09/20260901T090223Z-f643b0329cdb.json,1
aws.services.regional,service:AD Connector,2026-09-01T09:02:23Z,2026-09-01T09:02:23Z,regions_available,37,count,aws.services.regional,raw/aws.services.regional/2026/09/20260901T090223Z-f643b0329cdb.json,1
aws.services.regional,service:AWS Amplify,2026-09-01T09:02:23Z,2026-09-01T09:02:23Z,regions_available,20,count,aws.services.regional,raw/aws.services.regional/2026/09/20260901T090223Z-f643b0329cdb.json,1
aws.services.regional,service:AWS App Runner,2026-09-01T09:02:23Z,2026-09-01T09:02:23Z,regions_available,11,count,aws.services.regional,raw/aws.services.regional/2026/09/20260901T090223Z-f643b0329cdb.json,1
aws.services.regional,service:AWS AppConfig,2026-09-01T09:02:23Z,2026-09-01T09:02:23Z,regions_available,37,count,aws.services.regional,raw/aws.services.regional/2026/09/20260901T090223Z-f643b0329cdb.json,1
aws.services.regional,service:AWS AppSync,2026-09-01T09:02:23Z,2026-09-01T09:02:23Z,regions_available,31,count,aws.services.regional,raw/aws.services.regional/2026/09/20260901T090223Z-f643b0329cdb.json,1
aws.services.regional,service:AWS Application Auto Scaling,2026-09-01T09:02:23Z,2026-09-01T09:02:23Z,regions_available,37,count,aws.services.regional,raw/aws.services.regional/2026/09/20260901T090223Z-f643b0329cdb.json,1
aws.services.regional,service:AWS Application Migration Service,2026-09-01T09:02:23Z,2026-09-01T09:02:23Z,regions_available,36,count,aws.services.regional,raw/aws.services.regional/2026/09/20260901T090223Z-f643b0329cdb.json,1
aws.services.regional,service:AWS Audit Manager,2026-09-01T09:02:23Z,2026-09-01T09:02:23Z,regions_available,12,count,aws.services.regional,raw/aws.services.regional/2026/09/20260901T090223Z-f643b0329cdb.json,1
aws.services.regional,service:AWS B2B Data Interchange,2026-09-01T09:02:23Z,2026-09-01T09:02:23Z,regions_available,9,count,aws.services.regional,raw/aws.services.regional/2026/09/20260901T090223Z-f643b0329cdb.json,1
aws.services.regional,service:AWS Backup,2026-09-01T09:02:23Z,2026-09-01T09:02:23Z,regions_available,37,count,aws.services.regional,raw/aws.services.regional/2026/09/20260901T090223Z-f643b0329cdb.json,1
aws.services.regional,service:AWS Batch,2026-09-01T09:02:23Z,2026-09-01T09:02:23Z,regions_available,37,count,aws.services.regional,raw/aws.services.regional/2026/09/20260901T090223Z-f643b0329cdb.json,1
aws.services.regional,service:AWS Certificate Manager (ACM),2026-09-01T09:02:23Z,2026-09-01T09:02:23Z,regions_available,37,count,aws.services.regional,raw/aws.services.regional/2026/09/20260901T090223Z-f643b0329cdb.json,1
aws.services.regional,service:AWS Client VPN,2026-09-01T09:02:23Z,2026-09-01T09:02:23Z,regions_available,36,count,aws.services.regional,raw/aws.services.regional/2026/09/20260901T090223Z-f643b0329cdb.json,1
aws.services.regional,service:AWS Cloud Map,2026-09-01T09:02:23Z,2026-09-01T09:02:23Z,regions_available,37,count,aws.services.regional,raw/aws.services.regional/2026/09/20260901T090223Z-f643b0329cdb.json,1
aws.services.regional,service:AWS Cloud WAN,2026-09-01T09:02:23Z,2026-09-01T09:02:23Z,regions_available,33,count,aws.services.regional,raw/aws.services.regional/2026/09/20260901T090223Z-f643b0329cdb.json,1
aws.services.regional,service:AWS CloudFormation,2026-09-01T09:02:23Z,2026-09-01T09:02:23Z,regions_available,37,count,aws.services.regional,raw/aws.services.regional/2026/09/20260901T090223Z-f643b0329cdb.json,1
aws.services.regional,service:AWS CloudHSM,2026-09-01T09:02:23Z,2026-09-01T09:02:23Z,regions_available,34,count,aws.services.regional,raw/aws.services.regional/2026/09/20260901T090223Z-f643b0329cdb.json,1
aws.services.regional,service:AWS CloudShell,2026-09-01T09:02:23Z,2026-09-01T09:02:23Z,regions_available,33,count,aws.services.regional,raw/aws.services.regional/2026/09/20260901T090223Z-f643b0329cdb.json,1
aws.services.regional,service:AWS CloudTrail,2026-09-01T09:02:23Z,2026-09-01T09:02:23Z,regions_available,37,count,aws.services.regional,raw/aws.services.regional/2026/09/20260901T090223Z-f643b0329cdb.json,1
aws.services.regional,service:AWS CodeArtifact,2026-09-01T09:02:23Z,2026-09-01T09:02:23Z,regions_available,13,count,aws.services.regional,raw/aws.services.regional/2026/09/20260901T090223Z-f643b0329cdb.json,1
aws.services.regional,service:AWS CodeBuild,2026-09-01T09:02:23Z,2026-09-01T09:02:23Z,regions_available,33,count,aws.services.regional,raw/aws.services.regional/2026/09/20260901T090223Z-f643b0329cdb.json,1
aws.services.regional,service:AWS CodeCommit,2026-09-01T09:02:23Z,2026-09-01T09:02:23Z,regions_available,27,count,aws.services.regional,raw/aws.services.regional/2026/09/20260901T090223Z-f643b0329cdb.json,1
aws.services.regional,service:AWS CodeDeploy,2026-09-01T09:02:23Z,2026-09-01T09:02:23Z,regions_available,37,count,aws.services.regional,raw/aws.services.regional/2026/09/20260901T090223Z-f643b0329cdb.json,1
aws.services.regional,service:AWS CodePipeline,2026-09-01T09:02:23Z,2026-09-01T09:02:23Z,regions_available,32,count,aws.services.regional,raw/aws.services.regional/2026/09/20260901T090223Z-f643b0329cdb.json,1
aws.services.regional,service:AWS Config,2026-09-01T09:02:23Z,2026-09-01T09:02:23Z,regions_available,37,count,aws.services.regional,raw/aws.services.regional/2026/09/20260901T090223Z-f643b0329cdb.json,1
aws.services.regional,service:AWS Control Tower,2026-09-01T09:02:23Z,2026-09-01T09:02:23Z,regions_available,37,count,aws.services.regional,raw/aws.services.regional/2026/09/20260901T090223Z-f643b0329cdb.json,1
aws.services.regional,service:AWS DataSync,2026-09-01T09:02:23Z,2026-09-01T09:02:23Z,regions_available,37,count,aws.services.regional,raw/aws.services.regional/2026/09/20260901T090223Z-f643b0329cdb.json,1
aws.services.regional,service:AWS Database Migration Service (AWS DMS),2026-09-01T09:02:23Z,2026-09-01T09:02:23Z,regions_available,37,count,aws.services.regional,raw/aws.services.regional/2026/09/20260901T090223Z-f643b0329cdb.json,1
aws.services.regional,service:AWS Deadline Cloud,2026-09-01T09:02:23Z,2026-09-01T09:02:23Z,regions_available,10,count,aws.services.regional,raw/aws.services.regional/2026/09/20260901T090223Z-f643b0329cdb.json,1
aws.services.regional,service:AWS DevOps Agent,2026-09-01T09:02:23Z,2026-09-01T09:02:23Z,regions_available,11,count,aws.services.regional,raw/aws.services.regional/2026/09/20260901T090223Z-f643b0329cdb.json,1
aws.services.regional,service:AWS Direct Connect,2026-09-01T09:02:23Z,2026-09-01T09:02:23Z,regions_available,37,count,aws.services.regional,raw/aws.services.regional/2026/09/20260901T090223Z-f643b0329cdb.json,1
aws.services.regional,service:AWS Directory Service,2026-09-01T09:02:23Z,2026-09-01T09:02:23Z,regions_available,37,count,aws.services.regional,raw/aws.services.regional/2026/09/20260901T090223Z-f643b0329cdb.json,1
aws.services.regional,service:AWS Directory Service for Microsoft Active Directory,2026-09-01T09:02:23Z,2026-09-01T09:02:23Z,regions_available,37,count,aws.services.regional,raw/aws.services.regional/2026/09/20260901T090223Z-f643b0329cdb.json,1
aws.services.regional,service:AWS Elastic Beanstalk,2026-09-01T09:02:23Z,2026-09-01T09:02:23Z,regions_available,34,count,aws.services.regional,raw/aws.services.regional/2026/09/20260901T090223Z-f643b0329cdb.json,1
aws.services.regional,service:AWS Elastic Disaster Recovery,2026-09-01T09:02:23Z,2026-09-01T09:02:23Z,regions_available,37,count,aws.services.regional,raw/aws.services.regional/2026/09/20260901T090223Z-f643b0329cdb.json,1
aws.services.regional,service:AWS Elemental MediaConnect,2026-09-01T09:02:23Z,2026-09-01T09:02:23Z,regions_available,23,count,aws.services.regional,raw/aws.services.regional/2026/09/20260901T090223Z-f643b0329cdb.json,1
aws.services.regional,service:AWS Elemental MediaConvert,2026-09-01T09:02:23Z,2026-09-01T09:02:23Z,regions_available,22,count,aws.services.regional,raw/aws.services.regional/2026/09/20260901T090223Z-f643b0329cdb.json,1
aws.services.regional,service:AWS Elemental MediaLive,2026-09-01T09:02:23Z,2026-09-01T09:02:23Z,regions_available,20,count,aws.services.regional,raw/aws.services.regional/2026/09/20260901T090223Z-f643b0329cdb.json,1
aws.services.regional,service:AWS Elemental MediaPackage,2026-09-01T09:02:23Z,2026-09-01T09:02:23Z,regions_available,21,count,aws.services.regional,raw/aws.services.regional/2026/09/20260901T090223Z-f643b0329cdb.json,1
aws.services.regional,service:AWS Elemental MediaTailor,2026-09-01T09:02:23Z,2026-09-01T09:02:23Z,regions_available,32,count,aws.services.regional,raw/aws.services.regional/2026/09/20260901T090223Z-f643b0329cdb.json,1
aws.services.regional,service:AWS End User Messaging,2026-09-01T09:02:23Z,2026-09-01T09:02:23Z,regions_available,37,count,aws.services.regional,raw/aws.services.regional/2026/09/20260901T090223Z-f643b0329cdb.json,1
aws.services.regional,service:AWS Fault Injection Service,2026-09-01T09:02:23Z,2026-09-01T09:02:23Z,regions_available,26,count,aws.services.regional,raw/aws.services.regional/2026/09/20260901T090223Z-f643b0329cdb.json,1
aws.services.regional,service:AWS Firewall Manager,2026-09-01T09:02:23Z,2026-09-01T09:02:23Z,regions_available,36,count,aws.services.regional,raw/aws.services.regional/2026/09/20260901T090223Z-f643b0329cdb.json,1
aws.services.regional,service:AWS Global Accelerator,2026-09-01T09:02:23Z,2026-09-01T09:02:23Z,regions_available,34,count,aws.services.regional,raw/aws.services.regional/2026/09/20260901T090223Z-f643b0329cdb.json,1
aws.services.regional,service:AWS Glue,2026-09-01T09:02:23Z,2026-09-01T09:02:23Z,regions_available,37,count,aws.services.regional,raw/aws.services.regional/2026/09/20260901T090223Z-f643b0329cdb.json,1
aws.services.regional,service:AWS Ground Station,2026-09-01T09:02:23Z,2026-09-01T09:02:23Z,regions_available,12,count,aws.services.regional,raw/aws.services.regional/2026/09/20260901T090223Z-f643b0329cdb.json,1
aws.services.regional,service:AWS IAM Identity Center,2026-09-01T09:02:23Z,2026-09-01T09:02:23Z,regions_available,37,count,aws.services.regional,raw/aws.services.regional/2026/09/20260901T090223Z-f643b0329cdb.json,1
aws.services.regional,service:AWS Identity and Access Management (IAM),2026-09-01T09:02:23Z,2026-09-01T09:02:23Z,regions_available,37,count,aws.services.regional,raw/aws.services.regional/2026/09/20260901T090223Z-f643b0329cdb.json,1
aws.services.regional,service:AWS Identity and Access Management (IAM) Access Analyzer,2026-09-01T09:02:23Z,2026-09-01T09:02:23Z,regions_available,37,count,aws.services.regional,raw/aws.services.regional/2026/09/20260901T090223Z-f643b0329cdb.json,1
aws.services.regional,service:AWS IoT Core,2026-09-01T09:02:23Z,2026-09-01T09:02:23Z,regions_available,25,count,aws.services.regional,raw/aws.services.regional/2026/09/20260901T090223Z-f643b0329cdb.json,1
aws.services.regional,service:AWS IoT Device Defender,2026-09-01T09:02:23Z,2026-09-01T09:02:23Z,regions_available,22,count,aws.services.regional,raw/aws.services.regional/2026/09/20260901T090223Z-f643b0329cdb.json,1
aws.services.regional,service:AWS IoT Device Management,2026-09-01T09:02:23Z,2026-09-01T09:02:23Z,regions_available,26,count,aws.services.regional,raw/aws.services.regional/2026/09/20260901T090223Z-f643b0329cdb.json,1
aws.services.regional,service:AWS IoT Greengrass,2026-09-01T09:02:23Z,2026-09-01T09:02:23Z,regions_available,17,count,aws.services.regional,raw/aws.services.regional/2026/09/20260901T090223Z-f643b0329cdb.json,1
aws.services.regional,service:AWS IoT SiteWise,2026-09-01T09:02:23Z,2026-09-01T09:02:23Z,regions_available,12,count,aws.services.regional,raw/aws.services.regional/2026/09/20260901T090223Z-f643b0329cdb.json,1
aws.services.regional,service:AWS Key Management Service (KMS),2026-09-01T09:02:23Z,2026-09-01T09:02:23Z,regions_available,37,count,aws.services.regional,raw/aws.services.regional/2026/09/20260901T090223Z-f643b0329cdb.json,1
aws.services.regional,service:AWS Lake Formation,2026-09-01T09:02:23Z,2026-09-01T09:02:23Z,regions_available,37,count,aws.services.regional,raw/aws.services.regional/2026/09/20260901T090223Z-f643b0329cdb.json,1
aws.services.regional,service:AWS Lambda,2026-09-01T09:02:23Z,2026-09-01T09:02:23Z,regions_available,37,count,aws.services.regional,raw/aws.services.regional/2026/09/20260901T090223Z-f643b0329cdb.json,1
aws.services.regional,service:AWS License Manager,2026-09-01T09:02:23Z,2026-09-01T09:02:23Z,regions_available,37,count,aws.services.regional,raw/aws.services.regional/2026/09/20260901T090223Z-f643b0329cdb.json,1
aws.services.regional,service:AWS Managed Services (AMS),2026-09-01T09:02:23Z,2026-09-01T09:02:23Z,regions_available,32,count,aws.services.regional,raw/aws.services.regional/2026/09/20260901T090223Z-f643b0329cdb.json,1
aws.services.regional,service:AWS Network Firewall,2026-09-01T09:02:23Z,2026-09-01T09:02:23Z,regions_available,37,count,aws.services.regional,raw/aws.services.regional/2026/09/20260901T090223Z-f643b0329cdb.json,1
aws.services.regional,service:AWS Organizations,2026-09-01T09:02:23Z,2026-09-01T09:02:23Z,regions_available,37,count,aws.services.regional,raw/aws.services.regional/2026/09/20260901T090223Z-f643b0329cdb.json,1
aws.services.regional,service:AWS Outposts,2026-09-01T09:02:23Z,2026-09-01T09:02:23Z,regions_available,36,count,aws.services.regional,raw/aws.services.regional/2026/09/20260901T090223Z-f643b0329cdb.json,1
aws.services.regional,service:AWS Parallel Computing Service (PCS),2026-09-01T09:02:23Z,2026-09-01T09:02:23Z,regions_available,23,count,aws.services.regional,raw/aws.services.regional/2026/09/20260901T090223Z-f643b0329cdb.json,1
aws.services.regional,service:AWS Payment Cryptography,2026-09-01T09:02:23Z,2026-09-01T09:02:23Z,regions_available,16,count,aws.services.regional,raw/aws.services.regional/2026/09/20260901T090223Z-f643b0329cdb.json,1
aws.services.regional,service:AWS Private Certificate Authority,2026-09-01T09:02:23Z,2026-09-01T09:02:23Z,regions_available,37,count,aws.services.regional,raw/aws.services.regional/2026/09/20260901T090223Z-f643b0329cdb.json,1
aws.services.regional,service:AWS PrivateLink,2026-09-01T09:02:23Z,2026-09-01T09:02:23Z,regions_available,37,count,aws.services.regional,raw/aws.services.regional/2026/09/20260901T090223Z-f643b0329cdb.json,1
aws.services.regional,service:AWS Resilience Hub,2026-09-01T09:02:23Z,2026-09-01T09:02:23Z,regions_available,22,count,aws.services.regional,raw/aws.services.regional/2026/09/20260901T090223Z-f643b0329cdb.json,1
aws.services.regional,service:AWS Resource Access Manager (RAM),2026-09-01T09:02:23Z,2026-09-01T09:02:23Z,regions_available,37,count,aws.services.regional,raw/aws.services.regional/2026/09/20260901T090223Z-f643b0329cdb.json,1
aws.services.regional,service:AWS Resource Explorer,2026-09-01T09:02:23Z,2026-09-01T09:02:23Z,regions_available,36,count,aws.services.regional,raw/aws.services.regional/2026/09/20260901T090223Z-f643b0329cdb.json,1
aws.services.regional,service:AWS Resource Groups,2026-09-01T09:02:23Z,2026-09-01T09:02:23Z,regions_available,37,count,aws.services.regional,raw/aws.services.regional/2026/09/20260901T090223Z-f643b0329cdb.json,1
aws.services.regional,service:AWS Secrets Manager,2026-09-01T09:02:23Z,2026-09-01T09:02:23Z,regions_available,37,count,aws.services.regional,raw/aws.services.regional/2026/09/20260901T090223Z-f643b0329cdb.json,1
aws.services.regional,service:AWS Security Hub,2026-09-01T09:02:23Z,2026-09-01T09:02:23Z,regions_available,37,count,aws.services.regional,raw/aws.services.regional/2026/09/20260901T090223Z-f643b0329cdb.json,1
aws.services.regional,service:AWS Security Incident Response,2026-09-01T09:02:23Z,2026-09-01T09:02:23Z,regions_available,25,count,aws.services.regional,raw/aws.services.regional/2026/09/20260901T090223Z-f643b0329cdb.json,1
aws.services.regional,service:AWS Security Token Service (STS),2026-09-01T09:02:23Z,2026-09-01T09:02:23Z,regions_available,37,count,aws.services.regional,raw/aws.services.regional/2026/09/20260901T090223Z-f643b0329cdb.json,1
aws.services.regional,service:AWS Service Catalog,2026-09-01T09:02:23Z,2026-09-01T09:02:23Z,regions_available,32,count,aws.services.regional,raw/aws.services.regional/2026/09/20260901T090223Z-f643b0329cdb.json,1
aws.services.regional,service:AWS Shield,2026-09-01T09:02:23Z,2026-09-01T09:02:23Z,regions_available,37,count,aws.services.regional,raw/aws.services.regional/2026/09/20260901T090223Z-f643b0329cdb.json,1
aws.services.regional,service:AWS Shield Advanced,2026-09-01T09:02:23Z,2026-09-01T09:02:23Z,regions_available,32,count,aws.services.regional,raw/aws.services.regional/2026/09/20260901T090223Z-f643b0329cdb.json,1
aws.services.regional,service:AWS Signer,2026-09-01T09:02:23Z,2026-09-01T09:02:23Z,regions_available,23,count,aws.services.regional,raw/aws.services.regional/2026/09/20260901T090223Z-f643b0329cdb.json,1
aws.services.regional,service:AWS Step Functions,2026-09-01T09:02:23Z,2026-09-01T09:02:23Z,regions_available,37,count,aws.services.regional,raw/aws.services.regional/2026/09/20260901T090223Z-f643b0329cdb.json,1
aws.services.regional,service:AWS Storage Gateway,2026-09-01T09:02:23Z,2026-09-01T09:02:23Z,regions_available,37,count,aws.services.regional,raw/aws.services.regional/2026/09/20260901T090223Z-f643b0329cdb.json,1
aws.services.regional,service:AWS Sustainability,2026-09-01T09:02:23Z,2026-09-01T09:02:23Z,regions_available,34,count,aws.services.regional,raw/aws.services.regional/2026/09/20260901T090223Z-f643b0329cdb.json,1
aws.services.regional,service:AWS Systems Manager,2026-09-01T09:02:23Z,2026-09-01T09:02:23Z,regions_available,37,count,aws.services.regional,raw/aws.services.regional/2026/09/20260901T090223Z-f643b0329cdb.json,1
aws.services.regional,service:AWS Transfer Family,2026-09-01T09:02:23Z,2026-09-01T09:02:23Z,regions_available,37,count,aws.services.regional,raw/aws.services.regional/2026/09/20260901T090223Z-f643b0329cdb.json,1
aws.services.regional,service:AWS Transit Gateway,2026-09-01T09:02:23Z,2026-09-01T09:02:23Z,regions_available,37,count,aws.services.regional,raw/aws.services.regional/2026/09/20260901T090223Z-f643b0329cdb.json,1
aws.services.regional,service:AWS VPN,2026-09-01T09:02:23Z,2026-09-01T09:02:23Z,regions_available,37,count,aws.services.regional,raw/aws.services.regional/2026/09/20260901T090223Z-f643b0329cdb.json,1
aws.services.regional,service:AWS Verified Access,2026-09-01T09:02:23Z,2026-09-01T09:02:23Z,regions_available,20,count,aws.services.regional,raw/aws.services.regional/2026/09/20260901T090223Z-f643b0329cdb.json,1
aws.services.regional,service:AWS WAF,2026-09-01T09:02:23Z,2026-09-01T09:02:23Z,regions_available,37,count,aws.services.regional,raw/aws.services.regional/2026/09/20260901T090223Z-f643b0329cdb.json,1
aws.services.regional,service:AWS Wickr,2026-09-01T09:02:23Z,2026-09-01T09:02:23Z,regions_available,11,count,aws.services.regional,raw/aws.services.regional/2026/09/20260901T090223Z-f643b0329cdb.json,1
aws.services.regional,service:AWS X-Ray,2026-09-01T09:02:23Z,2026-09-01T09:02:23Z,regions_available,37,count,aws.services.regional,raw/aws.services.regional/2026/09/20260901T090223Z-f643b0329cdb.json,1
aws.services.regional,service:Amazon API Gateway,2026-09-01T09:02:23Z,2026-09-01T09:02:23Z,regions_available,37,count,aws.services.regional,raw/aws.services.regional/2026/09/20260901T090223Z-f643b0329cdb.json,1
aws.services.regional,service:Amazon AppFlow,2026-09-01T09:02:23Z,2026-09-01T09:02:23Z,regions_available,16,count,aws.services.regional,raw/aws.services.regional/2026/09/20260901T090223Z-f643b0329cdb.json,1
aws.services.regional,service:Amazon Application Recovery Controller,2026-09-01T09:02:23Z,2026-09-01T09:02:23Z,regions_available,37,count,aws.services.regional,raw/aws.services.regional/2026/09/20260901T090223Z-f643b0329cdb.json,1
aws.services.regional,service:Amazon Athena,2026-09-01T09:02:23Z,2026-09-01T09:02:23Z,regions_available,37,count,aws.services.regional,raw/aws.services.regional/2026/09/20260901T090223Z-f643b0329cdb.json,1
aws.services.regional,service:Amazon Aurora,2026-09-01T09:02:23Z,2026-09-01T09:02:23Z,regions_available,37,count,aws.services.regional,raw/aws.services.regional/2026/09/20260901T090223Z-f643b0329cdb.json,1
aws.services.regional,service:Amazon Aurora DSQL,2026-09-01T09:02:23Z,2026-09-01T09:02:23Z,regions_available,20,count,aws.services.regional,raw/aws.services.regional/2026/09/20260901T090223Z-f643b0329cdb.json,1
aws.services.regional,service:Amazon Aurora MySQL,2026-09-01T09:02:23Z,2026-09-01T09:02:23Z,regions_available,37,count,aws.services.regional,raw/aws.services.regional/2026/09/20260901T090223Z-f643b0329cdb.json,1
aws.services.regional,service:Amazon Aurora PostgreSQL,2026-09-01T09:02:23Z,2026-09-01T09:02:23Z,regions_available,37,count,aws.services.regional,raw/aws.services.regional/2026/09/20260901T090223Z-f643b0329cdb.json,1
aws.services.regional,service:Amazon Bedrock,2026-09-01T09:02:23Z,2026-09-01T09:02:23Z,regions_available,36,count,aws.services.regional,raw/aws.services.regional/2026/09/20260901T090223Z-f643b0329cdb.json,1
aws.services.regional,service:Amazon Bedrock AgentCore,2026-09-01T09:02:23Z,2026-09-01T09:02:23Z,regions_available,20,count,aws.services.regional,raw/aws.services.regional/2026/09/20260901T090223Z-f643b0329cdb.json,1
aws.services.regional,service:Amazon Braket,2026-09-01T09:02:23Z,2026-09-01T09:02:23Z,regions_available,5,count,aws.services.regional,raw/aws.services.regional/2026/09/20260901T090223Z-f643b0329cdb.json,1
aws.services.regional,service:Amazon Chime SDK,2026-09-01T09:02:23Z,2026-09-01T09:02:23Z,regions_available,21,count,aws.services.regional,raw/aws.services.regional/2026/09/20260901T090223Z-f643b0329cdb.json,1
aws.services.regional,service:Amazon CloudFront,2026-09-01T09:02:23Z,2026-09-01T09:02:23Z,regions_available,34,count,aws.services.regional,raw/aws.services.regional/2026/09/20260901T090223Z-f643b0329cdb.json,1
aws.services.regional,service:Amazon CloudWatch,2026-09-01T09:02:23Z,2026-09-01T09:02:23Z,regions_available,37,count,aws.services.regional,raw/aws.services.regional/2026/09/20260901T090223Z-f643b0329cdb.json,1
aws.services.regional,service:Amazon CloudWatch Logs,2026-09-01T09:02:23Z,2026-09-01T09:02:23Z,regions_available,37,count,aws.services.regional,raw/aws.services.regional/2026/09/20260901T090223Z-f643b0329cdb.json,1
aws.services.regional,service:Amazon Cognito,2026-09-01T09:02:23Z,2026-09-01T09:02:23Z,regions_available,37,count,aws.services.regional,raw/aws.services.regional/2026/09/20260901T090223Z-f643b0329cdb.json,1
aws.services.regional,service:Amazon Comprehend,2026-09-01T09:02:23Z,2026-09-01T09:02:23Z,regions_available,13,count,aws.services.regional,raw/aws.services.regional/2026/09/20260901T090223Z-f643b0329cdb.json,1
aws.services.regional,service:Amazon Connect Customer,2026-09-01T09:02:23Z,2026-09-01T09:02:23Z,regions_available,13,count,aws.services.regional,raw/aws.services.regional/2026/09/20260901T090223Z-f643b0329cdb.json,1
aws.services.regional,service:Amazon Connect Health,2026-09-01T09:02:23Z,2026-09-01T09:02:23Z,regions_available,3,count,aws.services.regional,raw/aws.services.regional/2026/09/20260901T090223Z-f643b0329cdb.json,1
aws.services.regional,service:Amazon Data Firehose,2026-09-01T09:02:23Z,2026-09-01T09:02:23Z,regions_available,37,count,aws.services.regional,raw/aws.services.regional/2026/09/20260901T090223Z-f643b0329cdb.json,1
aws.services.regional,service:Amazon DataZone,2026-09-01T09:02:23Z,2026-09-01T09:02:23Z,regions_available,21,count,aws.services.regional,raw/aws.services.regional/2026/09/20260901T090223Z-f643b0329cdb.json,1
aws.services.regional,service:Amazon Detective,2026-09-01T09:02:23Z,2026-09-01T09:02:23Z,regions_available,23,count,aws.services.regional,raw/aws.services.regional/2026/09/20260901T090223Z-f643b0329cdb.json,1
aws.services.regional,service:Amazon DocumentDB (with MongoDB compatibility),2026-09-01T09:02:23Z,2026-09-01T09:02:23Z,regions_available,33,count,aws.services.regional,raw/aws.services.regional/2026/09/20260901T090223Z-f643b0329cdb.json,1
aws.services.regional,service:Amazon DynamoDB,2026-09-01T09:02:23Z,2026-09-01T09:02:23Z,regions_available,37,count,aws.services.regional,raw/aws.services.regional/2026/09/20260901T090223Z-f643b0329cdb.json,1
aws.services.regional,service:Amazon DynamoDB Accelerator,2026-09-01T09:02:23Z,2026-09-01T09:02:23Z,regions_available,15,count,aws.services.regional,raw/aws.services.regional/2026/09/20260901T090223Z-f643b0329cdb.json,1
aws.services.regional,service:Amazon EC2 Auto Scaling,2026-09-01T09:02:23Z,2026-09-01T09:02:23Z,regions_available,37,count,aws.services.regional,raw/aws.services.regional/2026/09/20260901T090223Z-f643b0329cdb.json,1
aws.services.regional,service:Amazon EC2 Image Builder,2026-09-01T09:02:23Z,2026-09-01T09:02:23Z,regions_available,37,count,aws.services.regional,raw/aws.services.regional/2026/09/20260901T090223Z-f643b0329cdb.json,1
aws.services.regional,service:Amazon EMR,2026-09-01T09:02:23Z,2026-09-01T09:02:23Z,regions_available,37,count,aws.services.regional,raw/aws.services.regional/2026/09/20260901T090223Z-f643b0329cdb.json,1
aws.services.regional,service:Amazon ElastiCache,2026-09-01T09:02:23Z,2026-09-01T09:02:23Z,regions_available,37,count,aws.services.regional,raw/aws.services.regional/2026/09/20260901T090223Z-f643b0329cdb.json,1
aws.services.regional,service:Amazon Elastic Block Store (EBS),2026-09-01T09:02:23Z,2026-09-01T09:02:23Z,regions_available,37,count,aws.services.regional,raw/aws.services.regional/2026/09/20260901T090223Z-f643b0329cdb.json,1
aws.services.regional,service:Amazon Elastic Compute Cloud (EC2),2026-09-01T09:02:23Z,2026-09-01T09:02:23Z,regions_available,37,count,aws.services.regional,raw/aws.services.regional/2026/09/20260901T090223Z-f643b0329cdb.json,1
aws.services.regional,service:Amazon Elastic Container Registry (ECR),2026-09-01T09:02:23Z,2026-09-01T09:02:23Z,regions_available,37,count,aws.services.regional,raw/aws.services.regional/2026/09/20260901T090223Z-f643b0329cdb.json,1
aws.services.regional,service:Amazon Elastic Container Service (ECS),2026-09-01T09:02:23Z,2026-09-01T09:02:23Z,regions_available,37,count,aws.services.regional,raw/aws.services.regional/2026/09/20260901T090223Z-f643b0329cdb.json,1
aws.services.regional,service:Amazon Elastic File System (EFS),2026-09-01T09:02:23Z,2026-09-01T09:02:23Z,regions_available,37,count,aws.services.regional,raw/aws.services.regional/2026/09/20260901T090223Z-f643b0329cdb.json,1
aws.services.regional,service:Amazon Elastic Kubernetes Service (EKS),2026-09-01T09:02:23Z,2026-09-01T09:02:23Z,regions_available,37,count,aws.services.regional,raw/aws.services.regional/2026/09/20260901T090223Z-f643b0329cdb.json,1
aws.services.regional,service:Amazon Elastic VMware Service (EVS),2026-09-01T09:02:23Z,2026-09-01T09:02:23Z,regions_available,22,count,aws.services.regional,raw/aws.services.regional/2026/09/20260901T090223Z-f643b0329cdb.json,1
aws.services.regional,service:Amazon EventBridge,2026-09-01T09:02:23Z,2026-09-01T09:02:23Z,regions_available,37,count,aws.services.regional,raw/aws.services.regional/2026/09/20260901T090223Z-f643b0329cdb.json,1
aws.services.regional,service:Amazon FSx,2026-09-01T09:02:23Z,2026-09-01T09:02:23Z,regions_available,37,count,aws.services.regional,raw/aws.services.regional/2026/09/20260901T090223Z-f643b0329cdb.json,1
aws.services.regional,service:Amazon FSx for Lustre,2026-09-01T09:02:23Z,2026-09-01T09:02:23Z,regions_available,37,count,aws.services.regional,raw/aws.services.regional/2026/09/20260901T090223Z-f643b0329cdb.json,1
aws.services.regional,service:Amazon FSx for NetApp ONTAP,2026-09-01T09:02:23Z,2026-09-01T09:02:23Z,regions_available,37,count,aws.services.regional,raw/aws.services.regional/2026/09/20260901T090223Z-f643b0329cdb.json,1
aws.services.regional,service:Amazon FSx for OpenZFS,2026-09-01T09:02:23Z,2026-09-01T09:02:23Z,regions_available,37,count,aws.services.regional,raw/aws.services.regional/2026/09/20260901T090223Z-f643b0329cdb.json,1
aws.services.regional,service:Amazon FSx for Windows File Server,2026-09-01T09:02:23Z,2026-09-01T09:02:23Z,regions_available,37,count,aws.services.regional,raw/aws.services.regional/2026/09/20260901T090223Z-f643b0329cdb.json,1
aws.services.regional,service:Amazon GameLift Servers,2026-09-01T09:02:23Z,2026-09-01T09:02:23Z,regions_available,25,count,aws.services.regional,raw/aws.services.regional/2026/09/20260901T090223Z-f643b0329cdb.json,1
aws.services.regional,service:Amazon GuardDuty,2026-09-01T09:02:23Z,2026-09-01T09:02:23Z,regions_available,37,count,aws.services.regional,raw/aws.services.regional/2026/09/20260901T090223Z-f643b0329cdb.json,1
aws.services.regional,service:Amazon Inspector,2026-09-01T09:02:23Z,2026-09-01T09:02:23Z,regions_available,35,count,aws.services.regional,raw/aws.services.regional/2026/09/20260901T090223Z-f643b0329cdb.json,1
aws.services.regional,service:Amazon Interactive Video Service (IVS),2026-09-01T09:02:23Z,2026-09-01T09:02:23Z,regions_available,7,count,aws.services.regional,raw/aws.services.regional/2026/09/20260901T090223Z-f643b0329cdb.json,1
aws.services.regional,service:Amazon Kendra,2026-09-01T09:02:23Z,2026-09-01T09:02:23Z,regions_available,11,count,aws.services.regional,raw/aws.services.regional/2026/09/20260901T090223Z-f643b0329cdb.json,1
aws.services.regional,service:Amazon Keyspaces (for Apache Cassandra),2026-09-01T09:02:23Z,2026-09-01T09:02:23Z,regions_available,24,count,aws.services.regional,raw/aws.services.regional/2026/09/20260901T090223Z-f643b0329cdb.json,1
aws.services.regional,service:Amazon Kinesis Data Streams,2026-09-01T09:02:23Z,2026-09-01T09:02:23Z,regions_available,37,count,aws.services.regional,raw/aws.services.regional/2026/09/20260901T090223Z-f643b0329cdb.json,1
aws.services.regional,service:Amazon Kinesis Video Streams,2026-09-01T09:02:23Z,2026-09-01T09:02:23Z,regions_available,22,count,aws.services.regional,raw/aws.services.regional/2026/09/20260901T090223Z-f643b0329cdb.json,1
aws.services.regional,service:Amazon Lex,2026-09-01T09:02:23Z,2026-09-01T09:02:23Z,regions_available,11,count,aws.services.regional,raw/aws.services.regional/2026/09/20260901T090223Z-f643b0329cdb.json,1
aws.services.regional,service:Amazon Lightsail,2026-09-01T09:02:23Z,2026-09-01T09:02:23Z,regions_available,19,count,aws.services.regional,raw/aws.services.regional/2026/09/20260901T090223Z-f643b0329cdb.json,1
aws.services.regional,service:Amazon Location Service,2026-09-01T09:02:23Z,2026-09-01T09:02:23Z,regions_available,16,count,aws.services.regional,raw/aws.services.regional/2026/09/20260901T090223Z-f643b0329cdb.json,1
aws.services.regional,service:Amazon MQ,2026-09-01T09:02:23Z,2026-09-01T09:02:23Z,regions_available,37,count,aws.services.regional,raw/aws.services.regional/2026/09/20260901T090223Z-f643b0329cdb.json,1
aws.services.regional,service:Amazon Managed Blockchain (AMB),2026-09-01T09:02:23Z,2026-09-01T09:02:23Z,regions_available,7,count,aws.services.regional,raw/aws.services.regional/2026/09/20260901T090223Z-f643b0329cdb.json,1
aws.services.regional,service:Amazon Managed Grafana,2026-09-01T09:02:23Z,2026-09-01T09:02:23Z,regions_available,12,count,aws.services.regional,raw/aws.services.regional/2026/09/20260901T090223Z-f643b0329cdb.json,1
aws.services.regional,service:Amazon Managed Service for Apache Flink,2026-09-01T09:02:23Z,2026-09-01T09:02:23Z,regions_available,37,count,aws.services.regional,raw/aws.services.regional/2026/09/20260901T090223Z-f643b0329cdb.json,1
aws.services.regional,service:Amazon Managed Service for Prometheus,2026-09-01T09:02:23Z,2026-09-01T09:02:23Z,regions_available,36,count,aws.services.regional,raw/aws.services.regional/2026/09/20260901T090223Z-f643b0329cdb.json,1
aws.services.regional,service:Amazon Managed Streaming for Apache Kafka (MSK),2026-09-01T09:02:23Z,2026-09-01T09:02:23Z,regions_available,37,count,aws.services.regional,raw/aws.services.regional/2026/09/20260901T090223Z-f643b0329cdb.json,1
aws.services.regional,service:Amazon Managed Workflows for Apache Airflow (MWAA),2026-09-01T09:02:23Z,2026-09-01T09:02:23Z,regions_available,31,count,aws.services.regional,raw/aws.services.regional/2026/09/20260901T090223Z-f643b0329cdb.json,1
aws.services.regional,service:Amazon MemoryDB,2026-09-01T09:02:23Z,2026-09-01T09:02:23Z,regions_available,21,count,aws.services.regional,raw/aws.services.regional/2026/09/20260901T090223Z-f643b0329cdb.json,1
aws.services.regional,service:Amazon Neptune,2026-09-01T09:02:23Z,2026-09-01T09:02:23Z,regions_available,33,count,aws.services.regional,raw/aws.services.regional/2026/09/20260901T090223Z-f643b0329cdb.json,1
aws.services.regional,service:Amazon OpenSearch Service,2026-09-01T09:02:23Z,2026-09-01T09:02:23Z,regions_available,37,count,aws.services.regional,raw/aws.services.regional/2026/09/20260901T090223Z-f643b0329cdb.json,1
aws.services.regional,service:Amazon Personalize,2026-09-01T09:02:23Z,2026-09-01T09:02:23Z,regions_available,11,count,aws.services.regional,raw/aws.services.regional/2026/09/20260901T090223Z-f643b0329cdb.json,1
aws.services.regional,service:Amazon Q Business,2026-09-01T09:02:23Z,2026-09-01T09:02:23Z,regions_available,4,count,aws.services.regional,raw/aws.services.regional/2026/09/20260901T090223Z-f643b0329cdb.json,1
aws.services.regional,service:Amazon Q Developer,2026-09-01T09:02:23Z,2026-09-01T09:02:23Z,regions_available,4,count,aws.services.regional,raw/aws.services.regional/2026/09/20260901T090223Z-f643b0329cdb.json,1
aws.services.regional,service:Amazon Quick,2026-09-01T09:02:23Z,2026-09-01T09:02:23Z,regions_available,25,count,aws.services.regional,raw/aws.services.regional/2026/09/20260901T090223Z-f643b0329cdb.json,1
aws.services.regional,service:Amazon RDS Custom for Oracle,2026-09-01T09:02:23Z,2026-09-01T09:02:23Z,regions_available,21,count,aws.services.regional,raw/aws.services.regional/2026/09/20260901T090223Z-f643b0329cdb.json,1
aws.services.regional,service:Amazon RDS Custom for SQL Server,2026-09-01T09:02:23Z,2026-09-01T09:02:23Z,regions_available,18,count,aws.services.regional,raw/aws.services.regional/2026/09/20260901T090223Z-f643b0329cdb.json,1
aws.services.regional,service:Amazon RDS for Db2,2026-09-01T09:02:23Z,2026-09-01T09:02:23Z,regions_available,36,count,aws.services.regional,raw/aws.services.regional/2026/09/20260901T090223Z-f643b0329cdb.json,1
aws.services.regional,service:Amazon RDS for MariaDB,2026-09-01T09:02:23Z,2026-09-01T09:02:23Z,regions_available,37,count,aws.services.regional,raw/aws.services.regional/2026/09/20260901T090223Z-f643b0329cdb.json,1
aws.services.regional,service:Amazon RDS for MySQL,2026-09-01T09:02:23Z,2026-09-01T09:02:23Z,regions_available,37,count,aws.services.regional,raw/aws.services.regional/2026/09/20260901T090223Z-f643b0329cdb.json,1
aws.services.regional,service:Amazon RDS for Oracle,2026-09-01T09:02:23Z,2026-09-01T09:02:23Z,regions_available,37,count,aws.services.regional,raw/aws.services.regional/2026/09/20260901T090223Z-f643b0329cdb.json,1
aws.services.regional,service:Amazon RDS for PostgreSQL,2026-09-01T09:02:23Z,2026-09-01T09:02:23Z,regions_available,37,count,aws.services.regional,raw/aws.services.regional/2026/09/20260901T090223Z-f643b0329cdb.json,1
aws.services.regional,service:Amazon RDS for SQL Server,2026-09-01T09:02:23Z,2026-09-01T09:02:23Z,regions_available,37,count,aws.services.regional,raw/aws.services.regional/2026/09/20260901T090223Z-f643b0329cdb.json,1
aws.services.regional,service:Amazon Redshift,2026-09-01T09:02:23Z,2026-09-01T09:02:23Z,regions_available,37,count,aws.services.regional,raw/aws.services.regional/2026/09/20260901T090223Z-f643b0329cdb.json,1
aws.services.regional,service:Amazon Rekognition,2026-09-01T09:02:23Z,2026-09-01T09:02:23Z,regions_available,19,count,aws.services.regional,raw/aws.services.regional/2026/09/20260901T090223Z-f643b0329cdb.json,1
aws.services.regional,service:Amazon Relational Database Service (RDS),2026-09-01T09:02:23Z,2026-09-01T09:02:23Z,regions_available,37,count,aws.services.regional,raw/aws.services.regional/2026/09/20260901T090223Z-f643b0329cdb.json,1
aws.services.regional,service:Amazon Route 53,2026-09-01T09:02:23Z,2026-09-01T09:02:23Z,regions_available,37,count,aws.services.regional,raw/aws.services.regional/2026/09/20260901T090223Z-f643b0329cdb.json,1
aws.services.regional,service:Amazon Route 53 Private DNS,2026-09-01T09:02:23Z,2026-09-01T09:02:23Z,regions_available,37,count,aws.services.regional,raw/aws.services.regional/2026/09/20260901T090223Z-f643b0329cdb.json,1
aws.services.regional,service:Amazon Route 53 Public DNS,2026-09-01T09:02:23Z,2026-09-01T09:02:23Z,regions_available,37,count,aws.services.regional,raw/aws.services.regional/2026/09/20260901T090223Z-f643b0329cdb.json,1
aws.services.regional,service:Amazon S3 on Outposts,2026-09-01T09:02:23Z,2026-09-01T09:02:23Z,regions_available,25,count,aws.services.regional,raw/aws.services.regional/2026/09/20260901T090223Z-f643b0329cdb.json,1
aws.services.regional,service:Amazon SageMaker AI,2026-09-01T09:02:23Z,2026-09-01T09:02:23Z,regions_available,37,count,aws.services.regional,raw/aws.services.regional/2026/09/20260901T090223Z-f643b0329cdb.json,1
aws.services.regional,service:Amazon SageMaker Ground Truth,2026-09-01T09:02:23Z,2026-09-01T09:02:23Z,regions_available,12,count,aws.services.regional,raw/aws.services.regional/2026/09/20260901T090223Z-f643b0329cdb.json,1
aws.services.regional,service:Amazon Security Lake,2026-09-01T09:02:23Z,2026-09-01T09:02:23Z,regions_available,19,count,aws.services.regional,raw/aws.services.regional/2026/09/20260901T090223Z-f643b0329cdb.json,1
aws.services.regional,service:Amazon Simple Email Service (SES),2026-09-01T09:02:23Z,2026-09-01T09:02:23Z,regions_available,37,count,aws.services.regional,raw/aws.services.regional/2026/09/20260901T090223Z-f643b0329cdb.json,1
aws.services.regional,service:Amazon Simple Notification Service (SNS),2026-09-01T09:02:23Z,2026-09-01T09:02:23Z,regions_available,37,count,aws.services.regional,raw/aws.services.regional/2026/09/20260901T090223Z-f643b0329cdb.json,1
aws.services.regional,service:Amazon Simple Queue Service (SQS),2026-09-01T09:02:23Z,2026-09-01T09:02:23Z,regions_available,37,count,aws.services.regional,raw/aws.services.regional/2026/09/20260901T090223Z-f643b0329cdb.json,1
aws.services.regional,service:Amazon Simple Storage Service (S3),2026-09-01T09:02:23Z,2026-09-01T09:02:23Z,regions_available,36,count,aws.services.regional,raw/aws.services.regional/2026/09/20260901T090223Z-f643b0329cdb.json,1
aws.services.regional,service:Amazon Simple Workflow Service (SWF),2026-09-01T09:02:23Z,2026-09-01T09:02:23Z,regions_available,37,count,aws.services.regional,raw/aws.services.regional/2026/09/20260901T090223Z-f643b0329cdb.json,1
aws.services.regional,service:Amazon Textract,2026-09-01T09:02:23Z,2026-09-01T09:02:23Z,regions_available,16,count,aws.services.regional,raw/aws.services.regional/2026/09/20260901T090223Z-f643b0329cdb.json,1
aws.services.regional,service:Amazon Transcribe,2026-09-01T09:02:23Z,2026-09-01T09:02:23Z,regions_available,22,count,aws.services.regional,raw/aws.services.regional/2026/09/20260901T090223Z-f643b0329cdb.json,1
aws.services.regional,service:Amazon Translate,2026-09-01T09:02:23Z,2026-09-01T09:02:23Z,regions_available,17,count,aws.services.regional,raw/aws.services.regional/2026/09/20260901T090223Z-f643b0329cdb.json,1
aws.services.regional,service:Amazon VPC Lattice,2026-09-01T09:02:23Z,2026-09-01T09:02:23Z,regions_available,30,count,aws.services.regional,raw/aws.services.regional/2026/09/20260901T090223Z-f643b0329cdb.json,1
aws.services.regional,service:Amazon Verified Permissions,2026-09-01T09:02:23Z,2026-09-01T09:02:23Z,regions_available,36,count,aws.services.regional,raw/aws.services.regional/2026/09/20260901T090223Z-f643b0329cdb.json,1
aws.services.regional,service:Amazon Virtual Private Cloud (VPC),2026-09-01T09:02:23Z,2026-09-01T09:02:23Z,regions_available,37,count,aws.services.regional,raw/aws.services.regional/2026/09/20260901T090223Z-f643b0329cdb.json,1
aws.services.regional,service:Amazon WorkSpaces,2026-09-01T09:02:23Z,2026-09-01T09:02:23Z,regions_available,19,count,aws.services.regional,raw/aws.services.regional/2026/09/20260901T090223Z-f643b0329cdb.json,1
aws.services.regional,service:Amazon WorkSpaces Applications,2026-09-01T09:02:23Z,2026-09-01T09:02:23Z,regions_available,20,count,aws.services.regional,raw/aws.services.regional/2026/09/20260901T090223Z-f643b0329cdb.json,1
aws.services.regional,service:Elastic Load Balancing (ELB),2026-09-01T09:02:23Z,2026-09-01T09:02:23Z,regions_available,37,count,aws.services.regional,raw/aws.services.regional/2026/09/20260901T090223Z-f643b0329cdb.json,1
aws.services.regional,service:NAT Gateway,2026-09-01T09:02:23Z,2026-09-01T09:02:23Z,regions_available,37,count,aws.services.regional,raw/aws.services.regional/2026/09/20260901T090223Z-f643b0329cdb.json,1
aws.services.regional,service:Oracle Database@AWS,2026-09-01T09:02:23Z,2026-09-01T09:02:23Z,regions_available,22,count,aws.services.regional,raw/aws.services.regional/2026/09/20260901T090223Z-f643b0329cdb.json,1
aws.services.regional,service:Route 53 Resolver Endpoints,2026-09-01T09:02:23Z,2026-09-01T09:02:23Z,regions_available,37,count,aws.services.regional,raw/aws.services.regional/2026/09/20260901T090223Z-f643b0329cdb.json,1
aws.services.regional,service:Route53 EC2 DNS,2026-09-01T09:02:23Z,2026-09-01T09:02:23Z,regions_available,37,count,aws.services.regional,raw/aws.services.regional/2026/09/20260901T090223Z-f643b0329cdb.json,1
aws.services.regional,service:Security Hub,2026-09-01T09:02:23Z,2026-09-01T09:02:23Z,regions_available,34,count,aws.services.regional,raw/aws.services.regional/2026/09/20260901T090223Z-f643b0329cdb.json,1
aws.services.regional,service:Security Hub CSPM,2026-09-01T09:02:23Z,2026-09-01T09:02:23Z,regions_available,37,count,aws.services.regional,raw/aws.services.regional/2026/09/20260901T090223Z-f643b0329cdb.json,1
aws.services.regional,service:Service Quotas,2026-09-01T09:02:23Z,2026-09-01T09:02:23Z,regions_available,37,count,aws.services.regional,raw/aws.services.regional/2026/09/20260901T090223Z-f643b0329cdb.json,1
